{"name":"Throw and Catch Signal","description":"App containing processes for throwing a signal via a REST task and catching the signal with a separate process.","definition":{"models":[{"id":3004,"name":"Start Process With Signal Thrown Via REST","version":4,"modelType":0,"description":null,"stencilSetId":null,"createdByFullName":"Demo User","createdBy":2,"lastUpdatedByFullName":"Demo User","lastUpdatedBy":2,"lastUpdated":"2018-08-02T14:32:54.265+0000"},{"id":3006,"name":"Throw Signal Event with REST","version":2,"modelType":0,"description":"This process will throw a signal event called \"my_signal_event\" in a global scope for catch events in this tenant to catch.","stencilSetId":0,"createdByFullName":"Demo User","createdBy":2,"lastUpdatedByFullName":"Demo User","lastUpdatedBy":2,"lastUpdated":"2018-08-02T14:30:59.411+0000"}],"theme":"theme-1","icon":"glyphicon-asterisk","publishIdentityInfo":[]}}