{"resourceId":3004,"properties":{"process_id":"StartSignal","name":"StartSignal","documentation":"","process_author":"","process_version":"","process_namespace":"http://www.activiti.org/processdef","executionlisteners":"{\"executionListeners\":[]}","eventlisteners":"{\"eventListeners\":[]}","signaldefinitions":"[{\"id\":\"mysignal\",\"name\":\"mysignal\",\"scope\":\"global\"}]","messagedefinitions":"[]","executionvariables":"[{\"variableName\":\"varFromSignal\",\"variableType\":\"string\"}]","metadata":""},"stencil":{"id":"BPMNDiagram"},"childShapes":[{"resourceId":"sid-79A5E62A-FBCE-4E6A-8259-5B86448A06C5","properties":{"overrideid":"sid-79A5E62A-FBCE-4E6A-8259-5B86448A06C5","name":"signal","documentation":"","executionlisteners":{"executionListeners":[]},"signalref":"mysignal","asynchronousdefinition":false,"exclusivedefinition":false},"stencil":{"id":"StartSignalEvent"},"childShapes":[],"outgoing":[{"resourceId":"sid-2607F4C0-5C15-40B0-914D-E8413E2587AC"}],"bounds":{"lowerRight":{"x":150,"y":195},"upperLeft":{"x":120,"y":165}},"dockers":[]},{"resourceId":"sid-C5C4C98C-694A-4566-B4B1-053E94EE5076","properties":{"overrideid":"sid-C5C4C98C-694A-4566-B4B1-053E94EE5076","name":"Started via signal","documentation":"","asynchronousdefinition":false,"exclusivedefinition":false,"executionlisteners":{"executionListeners":[]},"multiinstance_type":"None","multiinstance_cardinality":"","multiinstance_collection":"","multiinstance_variable":"","multiinstance_condition":"","isforcompensation":false,"usertasksendemail":true,"usertaskassignment":{"assignment":{"type":"idm","idm":{"type":"initiator"},"initiatorCanCompleteTask":false}},"formkeydefinition":"","formreference":{"id":3003,"name":"FromSignal","referenceId":3004},"fieldstovariables":"","duedatedefinition":"","prioritydefinition":"","categorydefinition":"","formproperties":"","tasklisteners":{"taskListeners":[]},"emailtemplate":""},"stencil":{"id":"UserTask"},"childShapes":[],"outgoing":[{"resourceId":"sid-1B75667B-D41A-491D-B229-1E560E16B9B6"}],"bounds":{"lowerRight":{"x":295,"y":220},"upperLeft":{"x":195,"y":140}},"dockers":[]},{"resourceId":"sid-2607F4C0-5C15-40B0-914D-E8413E2587AC","properties":{"overrideid":"sid-2607F4C0-5C15-40B0-914D-E8413E2587AC","name":"","documentation":"","conditionsequenceflow":"","executionlisteners":{"executionListeners":[]},"defaultflow":"false"},"stencil":{"id":"SequenceFlow"},"childShapes":[],"outgoing":[{"resourceId":"sid-C5C4C98C-694A-4566-B4B1-053E94EE5076"}],"bounds":{"lowerRight":{"x":194.15625,"y":180},"upperLeft":{"x":150.609375,"y":180}},"dockers":[{"x":15,"y":15},{"x":50,"y":40}],"target":{"resourceId":"sid-C5C4C98C-694A-4566-B4B1-053E94EE5076"}},{"resourceId":"sid-2D8CB3C9-CDBF-4041-9431-3EA1EFF55149","properties":{"overrideid":"sid-2D8CB3C9-CDBF-4041-9431-3EA1EFF55149","name":"","documentation":"","executionlisteners":{"executionListeners":[]},"asynchronousdefinition":false,"exclusivedefinition":false},"stencil":{"id":"EndNoneEvent"},"childShapes":[],"outgoing":[],"bounds":{"lowerRight":{"x":368,"y":194},"upperLeft":{"x":340,"y":166}},"dockers":[]},{"resourceId":"sid-1B75667B-D41A-491D-B229-1E560E16B9B6","properties":{"overrideid":"sid-1B75667B-D41A-491D-B229-1E560E16B9B6","name":"","documentation":"","conditionsequenceflow":"","executionlisteners":{"executionListeners":[]},"defaultflow":"false"},"stencil":{"id":"SequenceFlow"},"childShapes":[],"outgoing":[{"resourceId":"sid-2D8CB3C9-CDBF-4041-9431-3EA1EFF55149"}],"bounds":{"lowerRight":{"x":339.375,"y":180},"upperLeft":{"x":295.390625,"y":180}},"dockers":[{"x":50,"y":40},{"x":14,"y":14}],"target":{"resourceId":"sid-2D8CB3C9-CDBF-4041-9431-3EA1EFF55149"}}],"bounds":{"lowerRight":{"x":1200,"y":1050},"upperLeft":{"x":0,"y":0}},"stencilset":{"url":"stencilsets/bpmn2.0/bpmn2.0.json","namespace":"http://b3mn.org/stencilset/bpmn2.0#"},"ssextensions":[]}