<?xml version='1.0' encoding='UTF-8'?>
<definitions xmlns="http://www.omg.org/spec/BPMN/20100524/MODEL" xmlns:xsi="http://www.w3.org/2001/XMLSchema-instance" xmlns:xsd="http://www.w3.org/2001/XMLSchema" xmlns:activiti="http://activiti.org/bpmn" xmlns:bpmndi="http://www.omg.org/spec/BPMN/20100524/DI" xmlns:omgdc="http://www.omg.org/spec/DD/20100524/DC" xmlns:omgdi="http://www.omg.org/spec/DD/20100524/DI" typeLanguage="http://www.w3.org/2001/XMLSchema" expressionLanguage="http://www.w3.org/1999/XPath" targetNamespace="http://www.activiti.org/processdef" xmlns:modeler="http://activiti.com/modeler" modeler:version="1.0en" modeler:exportDateTime="20180802143350724" modeler:modelId="3004" modeler:modelVersion="4" modeler:modelLastUpdated="1533220374265">
  <signal id="mysignal" name="mysignal" activiti:scope="global"/>
  <process id="StartSignal" name="StartSignal" isExecutable="true">
    <extensionElements>
      <modeler:executionvariables xmlns:modeler="http://activiti.com/modeler" modeler:variableName="varFromSignal" modeler:variableType="string"/>
    </extensionElements>
    <startEvent id="sid-79A5E62A-FBCE-4E6A-8259-5B86448A06C5" name="signal">
      <extensionElements>
        <modeler:editor-resource-id><![CDATA[sid-79A5E62A-FBCE-4E6A-8259-5B86448A06C5]]></modeler:editor-resource-id>
      </extensionElements>
      <signalEventDefinition signalRef="mysignal"/>
    </startEvent>
    <userTask id="sid-C5C4C98C-694A-4566-B4B1-053E94EE5076" name="Started via signal" activiti:assignee="$INITIATOR" activiti:formKey="3003">
      <extensionElements>
        <modeler:allow-send-email><![CDATA[true]]></modeler:allow-send-email>
        <modeler:form-reference-id><![CDATA[3003]]></modeler:form-reference-id>
        <modeler:form-reference-name><![CDATA[FromSignal]]></modeler:form-reference-name>
        <modeler:activiti-idm-initiator><![CDATA[true]]></modeler:activiti-idm-initiator>
        <modeler:initiator-can-complete><![CDATA[false]]></modeler:initiator-can-complete>
        <modeler:editor-resource-id><![CDATA[sid-C5C4C98C-694A-4566-B4B1-053E94EE5076]]></modeler:editor-resource-id>
      </extensionElements>
    </userTask>
    <sequenceFlow id="sid-2607F4C0-5C15-40B0-914D-E8413E2587AC" sourceRef="sid-79A5E62A-FBCE-4E6A-8259-5B86448A06C5" targetRef="sid-C5C4C98C-694A-4566-B4B1-053E94EE5076">
      <extensionElements>
        <modeler:editor-resource-id><![CDATA[sid-2607F4C0-5C15-40B0-914D-E8413E2587AC]]></modeler:editor-resource-id>
      </extensionElements>
    </sequenceFlow>
    <endEvent id="sid-2D8CB3C9-CDBF-4041-9431-3EA1EFF55149">
      <extensionElements>
        <modeler:editor-resource-id><![CDATA[sid-2D8CB3C9-CDBF-4041-9431-3EA1EFF55149]]></modeler:editor-resource-id>
      </extensionElements>
    </endEvent>
    <sequenceFlow id="sid-1B75667B-D41A-491D-B229-1E560E16B9B6" sourceRef="sid-C5C4C98C-694A-4566-B4B1-053E94EE5076" targetRef="sid-2D8CB3C9-CDBF-4041-9431-3EA1EFF55149">
      <extensionElements>
        <modeler:editor-resource-id><![CDATA[sid-1B75667B-D41A-491D-B229-1E560E16B9B6]]></modeler:editor-resource-id>
      </extensionElements>
    </sequenceFlow>
  </process>
  <bpmndi:BPMNDiagram id="BPMNDiagram_StartSignal">
    <bpmndi:BPMNPlane bpmnElement="StartSignal" id="BPMNPlane_StartSignal">
      <bpmndi:BPMNShape bpmnElement="sid-79A5E62A-FBCE-4E6A-8259-5B86448A06C5" id="BPMNShape_sid-79A5E62A-FBCE-4E6A-8259-5B86448A06C5">
        <omgdc:Bounds height="30.0" width="30.0" x="120.0" y="165.0"/>
      </bpmndi:BPMNShape>
      <bpmndi:BPMNShape bpmnElement="sid-C5C4C98C-694A-4566-B4B1-053E94EE5076" id="BPMNShape_sid-C5C4C98C-694A-4566-B4B1-053E94EE5076">
        <omgdc:Bounds height="80.0" width="100.0" x="195.0" y="140.0"/>
      </bpmndi:BPMNShape>
      <bpmndi:BPMNShape bpmnElement="sid-2D8CB3C9-CDBF-4041-9431-3EA1EFF55149" id="BPMNShape_sid-2D8CB3C9-CDBF-4041-9431-3EA1EFF55149">
        <omgdc:Bounds height="28.0" width="28.0" x="340.0" y="166.0"/>
      </bpmndi:BPMNShape>
      <bpmndi:BPMNEdge bpmnElement="sid-1B75667B-D41A-491D-B229-1E560E16B9B6" id="BPMNEdge_sid-1B75667B-D41A-491D-B229-1E560E16B9B6">
        <omgdi:waypoint x="295.0" y="180.0"/>
        <omgdi:waypoint x="340.0" y="180.0"/>
      </bpmndi:BPMNEdge>
      <bpmndi:BPMNEdge bpmnElement="sid-2607F4C0-5C15-40B0-914D-E8413E2587AC" id="BPMNEdge_sid-2607F4C0-5C15-40B0-914D-E8413E2587AC">
        <omgdi:waypoint x="150.0" y="180.0"/>
        <omgdi:waypoint x="195.0" y="180.0"/>
      </bpmndi:BPMNEdge>
    </bpmndi:BPMNPlane>
  </bpmndi:BPMNDiagram>
</definitions>