<?xml version='1.0' encoding='UTF-8'?>
<definitions xmlns="http://www.omg.org/spec/BPMN/20100524/MODEL" xmlns:xsi="http://www.w3.org/2001/XMLSchema-instance" xmlns:xsd="http://www.w3.org/2001/XMLSchema" xmlns:activiti="http://activiti.org/bpmn" xmlns:bpmndi="http://www.omg.org/spec/BPMN/20100524/DI" xmlns:omgdc="http://www.omg.org/spec/DD/20100524/DC" xmlns:omgdi="http://www.omg.org/spec/DD/20100524/DI" typeLanguage="http://www.w3.org/2001/XMLSchema" expressionLanguage="http://www.w3.org/1999/XPath" targetNamespace="http://www.activiti.org/processdef" xmlns:modeler="http://activiti.com/modeler" modeler:version="1.0en" modeler:exportDateTime="20180802143350741" modeler:modelId="3006" modeler:modelVersion="2" modeler:modelLastUpdated="1533220259411">
  <process id="ThrowSignalEventwithREST" name="Throw Signal Event with REST" isExecutable="true">
    <documentation>This process will throw a signal event called "my_signal_event" in a global scope for catch events in this tenant to catch.</documentation>
    <startEvent id="startEvent1">
      <extensionElements>
        <modeler:editor-resource-id><![CDATA[startEvent1]]></modeler:editor-resource-id>
      </extensionElements>
    </startEvent>
    <sequenceFlow id="sid-CF97DC51-F043-4132-AFE7-A4946D4F0C03" sourceRef="startEvent1" targetRef="sid-2A73D712-FCE2-428D-9AE8-FEE5AC3EB9E3">
      <extensionElements>
        <modeler:editor-resource-id><![CDATA[sid-CF97DC51-F043-4132-AFE7-A4946D4F0C03]]></modeler:editor-resource-id>
      </extensionElements>
    </sequenceFlow>
    <endEvent id="sid-B0B8F342-A2B4-4968-A85E-3645F003536F">
      <extensionElements>
        <modeler:editor-resource-id><![CDATA[sid-B0B8F342-A2B4-4968-A85E-3645F003536F]]></modeler:editor-resource-id>
      </extensionElements>
    </endEvent>
    <sequenceFlow id="sid-B325BBDD-FD7E-4742-9AF3-0912D35CBF6E" sourceRef="sid-2A73D712-FCE2-428D-9AE8-FEE5AC3EB9E3" targetRef="sid-B0B8F342-A2B4-4968-A85E-3645F003536F">
      <extensionElements>
        <modeler:editor-resource-id><![CDATA[sid-B325BBDD-FD7E-4742-9AF3-0912D35CBF6E]]></modeler:editor-resource-id>
      </extensionElements>
    </sequenceFlow>
    <serviceTask id="sid-2A73D712-FCE2-428D-9AE8-FEE5AC3EB9E3" name="Throw signal" activiti:async="true" activiti:delegateExpression="${activiti_restCallDelegate}">
      <extensionElements>
        <activiti:field name="baseEndpoint">
          <activiti:string><![CDATA[1001]]></activiti:string>
        </activiti:field>
        <activiti:field name="baseEndpointName">
          <activiti:string><![CDATA[Process]]></activiti:string>
        </activiti:field>
        <activiti:field name="restUrl">
          <activiti:string><![CDATA[/activiti-app/api/runtime/signals?tenantId=tenant_1]]></activiti:string>
        </activiti:field>
        <activiti:field name="httpMethod">
          <activiti:string><![CDATA[POST]]></activiti:string>
        </activiti:field>
        <activiti:field name="requestMappingJSONTemplate">
          <activiti:expression><![CDATA[{
    "signalName":"mysignal",
    "tenantId":"tenant_1",
    "async":"true",
    "variables":[
        {
            "name":"varFromSignal",
            "value":"This is a string"
        }
    ]
}]]></activiti:expression>
        </activiti:field>
        <modeler:request-header modeler:headerName="Content-Type" modeler:headerValue="application/json"/>
        <modeler:editor-resource-id><![CDATA[sid-2A73D712-FCE2-428D-9AE8-FEE5AC3EB9E3]]></modeler:editor-resource-id>
      </extensionElements>
    </serviceTask>
  </process>
  <bpmndi:BPMNDiagram id="BPMNDiagram_ThrowSignalEventwithREST">
    <bpmndi:BPMNPlane bpmnElement="ThrowSignalEventwithREST" id="BPMNPlane_ThrowSignalEventwithREST">
      <bpmndi:BPMNShape bpmnElement="startEvent1" id="BPMNShape_startEvent1">
        <omgdc:Bounds height="30.0" width="30.0" x="100.0" y="163.0"/>
      </bpmndi:BPMNShape>
      <bpmndi:BPMNShape bpmnElement="sid-B0B8F342-A2B4-4968-A85E-3645F003536F" id="BPMNShape_sid-B0B8F342-A2B4-4968-A85E-3645F003536F">
        <omgdc:Bounds height="28.0" width="28.0" x="315.0" y="164.0"/>
      </bpmndi:BPMNShape>
      <bpmndi:BPMNShape bpmnElement="sid-2A73D712-FCE2-428D-9AE8-FEE5AC3EB9E3" id="BPMNShape_sid-2A73D712-FCE2-428D-9AE8-FEE5AC3EB9E3">
        <omgdc:Bounds height="80.0" width="100.0" x="180.0" y="138.0"/>
      </bpmndi:BPMNShape>
      <bpmndi:BPMNEdge bpmnElement="sid-B325BBDD-FD7E-4742-9AF3-0912D35CBF6E" id="BPMNEdge_sid-B325BBDD-FD7E-4742-9AF3-0912D35CBF6E">
        <omgdi:waypoint x="280.0" y="178.0"/>
        <omgdi:waypoint x="315.0" y="178.0"/>
      </bpmndi:BPMNEdge>
      <bpmndi:BPMNEdge bpmnElement="sid-CF97DC51-F043-4132-AFE7-A4946D4F0C03" id="BPMNEdge_sid-CF97DC51-F043-4132-AFE7-A4946D4F0C03">
        <omgdi:waypoint x="130.0" y="178.0"/>
        <omgdi:waypoint x="180.0" y="178.0"/>
      </bpmndi:BPMNEdge>
    </bpmndi:BPMNPlane>
  </bpmndi:BPMNDiagram>
</definitions>