{"resourceId":3006,"properties":{"process_id":"ThrowSignalEventwithREST","name":"Throw Signal Event with REST","documentation":"This process will throw a signal event called \"my_signal_event\" in a global scope for catch events in this tenant to catch.","process_author":"","process_version":"","process_namespace":"http://www.activiti.org/processdef","executionlisteners":"","eventlisteners":"","signaldefinitions":"","messagedefinitions":"","executionvariables":"","metadata":""},"stencil":{"id":"BPMNDiagram"},"childShapes":[{"resourceId":"startEvent1","properties":{"overrideid":"","name":"","documentation":"","executionlisteners":"","initiator":"","formkeydefinition":"","formreference":"","fieldstovariables":"","formproperties":""},"stencil":{"id":"StartNoneEvent"},"childShapes":[],"outgoing":[{"resourceId":"sid-CF97DC51-F043-4132-AFE7-A4946D4F0C03"}],"bounds":{"lowerRight":{"x":130,"y":193},"upperLeft":{"x":100,"y":163}},"dockers":[]},{"resourceId":"sid-CF97DC51-F043-4132-AFE7-A4946D4F0C03","properties":{"overrideid":"","name":"","documentation":"","conditionsequenceflow":"","executionlisteners":"","defaultflow":"false"},"stencil":{"id":"SequenceFlow"},"childShapes":[],"outgoing":[{"resourceId":"sid-2A73D712-FCE2-428D-9AE8-FEE5AC3EB9E3"}],"bounds":{"lowerRight":{"x":179.5859375,"y":178},"upperLeft":{"x":130.375,"y":178}},"dockers":[{"x":15,"y":15},{"x":50,"y":40}],"target":{"resourceId":"sid-2A73D712-FCE2-428D-9AE8-FEE5AC3EB9E3"}},{"resourceId":"sid-B0B8F342-A2B4-4968-A85E-3645F003536F","properties":{"overrideid":"","name":"","documentation":"","executionlisteners":""},"stencil":{"id":"EndNoneEvent"},"childShapes":[],"outgoing":[],"bounds":{"lowerRight":{"x":343,"y":192},"upperLeft":{"x":315,"y":164}},"dockers":[]},{"resourceId":"sid-B325BBDD-FD7E-4742-9AF3-0912D35CBF6E","properties":{"overrideid":"","name":"","documentation":"","conditionsequenceflow":"","executionlisteners":"","defaultflow":"false"},"stencil":{"id":"SequenceFlow"},"childShapes":[],"outgoing":[{"resourceId":"sid-B0B8F342-A2B4-4968-A85E-3645F003536F"}],"bounds":{"lowerRight":{"x":314.078125,"y":178},"upperLeft":{"x":280.5,"y":178}},"dockers":[{"x":50,"y":40},{"x":14,"y":14}],"target":{"resourceId":"sid-B0B8F342-A2B4-4968-A85E-3645F003536F"}},{"resourceId":"sid-2A73D712-FCE2-428D-9AE8-FEE5AC3EB9E3","properties":{"overrideid":"","name":"Throw signal","documentation":"","restcalltask_endpoint":{"http_method":"POST","endpoint_config":{"id":1001,"tenantId":1,"name":"Process","protocol":"HTTP","host":"process","port":"9090","path":"","basicAuthId":1,"basicAuthName":"Local","requestHeaders":null},"rest_url":"/activiti-app/api/runtime/signals?tenantId=tenant_1"},"restcalltask_request_mapping":{"isJSONTemplate":true,"jsonTemplate":"{\n    \"signalName\":\"mysignal\",\n    \"tenantId\":\"tenant_1\",\n    \"async\":\"true\",\n    \"variables\":[\n        {\n            \"name\":\"varFromSignal\",\n            \"value\":\"This is a string\"\n        }\n    ]\n}"},"restcalltask_response_mapping":"","restcalltask_request_headers":[{"name":"Content-Type","value":"application/json"}],"multiinstance_cardinality":"","prioritydefinition":"","duedatedefinition":"","multiinstance_condition":"","tasklisteners":"","formproperties":"","usertasksendemail":true,"type":"http://b3mn.org/stencilset/bpmn2.0#UserTask","asynchronousdefinition":"false","exclusivedefinition":"false","executionlisteners":"","multiinstance_type":"None","fieldstovariables":"","multiinstance_collection":"","multiinstance_variable":"","categorydefinition":"","isforcompensation":"false","emailtemplate":"","usertaskassignment":"","formkeydefinition":"","formreference":""},"stencil":{"id":"RestCallTask"},"childShapes":[],"outgoing":[{"resourceId":"sid-B325BBDD-FD7E-4742-9AF3-0912D35CBF6E"}],"bounds":{"lowerRight":{"x":280,"y":218},"upperLeft":{"x":180,"y":138}},"dockers":[]}],"bounds":{"lowerRight":{"x":1200,"y":1050},"upperLeft":{"x":0,"y":0}},"stencilset":{"url":"stencilsets/bpmn2.0/bpmn2.0.json","namespace":"http://b3mn.org/stencilset/bpmn2.0#"},"ssextensions":[]}